{
  "VBzV5z6i1WS_10001": 0.24319399148225784,
  "VBzV5z6i1WS_10003": 2.505587339401245,
  "VBzV5z6i1WS_10004": 14.247035026550293,
  "VBzV5z6i1WS_10005": 15.614678859710693,
  "VBzV5z6i1WS_10006": 13.430872112512589,
  "VBzV5z6i1WS_10008": 2.6598621606826782,
  "VBzV5z6i1WS_10009": 4.24543534219265,
  "VBzV5z6i1WS_10012": 4.24543534219265,
  "VBzV5z6i1WS_10013": 12.80536675453186,
  "HY1NcmCgn3n_10000": 13.715407967567444,
  "HY1NcmCgn3n_10001": 14.313368439674377,
  "HY1NcmCgn3n_10002": 14.693377137184143,
  "HY1NcmCgn3n_10003": 14.693377137184143,
  "HY1NcmCgn3n_10005": 16.349476635456085,
  "HY1NcmCgn3n_10006": 7.498081728816032,
  "HY1NcmCgn3n_10007": 13.097028374671936,
  "HY1NcmCgn3n_10008": 18.1711368560791,
  "HY1NcmCgn3n_10009": 18.171272575855255,
  "HY1NcmCgn3n_10010": 19.287357330322266,
  "HY1NcmCgn3n_10011": 13.715407967567444,
  "HY1NcmCgn3n_10013": 11.790946964174509,
  "a8BtkwhxdRV_10001": 2.8338743932545185,
  "a8BtkwhxdRV_10002": 7.652676582336426,
  "a8BtkwhxdRV_10003": 3.1679521296173334,
  "a8BtkwhxdRV_10004": 5.615992307662964,
  "a8BtkwhxdRV_10005": 5.382663041353226,
  "a8BtkwhxdRV_10006": 9.61716377735138,
  "a8BtkwhxdRV_10007": 4.524067373946309,
  "a8BtkwhxdRV_10009": 3.1301759146153927,
  "a8BtkwhxdRV_10010": 9.34373015165329,
  "a8BtkwhxdRV_10012": 6.221160173416138,
  "h1zeeAwLh9Z_10000": 6.936344593763351,
  "h1zeeAwLh9Z_10001": 10.277552276849747,
  "h1zeeAwLh9Z_10002": 6.21183568239212,
  "h1zeeAwLh9Z_10004": 7.598065972328186,
  "h1zeeAwLh9Z_10005": 9.673657566308975,
  "h1zeeAwLh9Z_10006": 10.891643524169922,
  "h1zeeAwLh9Z_10007": 12.65210074186325,
  "h1zeeAwLh9Z_10008": 4.524433676153421,
  "h1zeeAwLh9Z_10009": 9.530115783214569,
  "h1zeeAwLh9Z_10010": 7.380335330963135,
  "h1zeeAwLh9Z_10011": 7.774133861064911,
  "h1zeeAwLh9Z_10012": 13.714120261371136,
  "h1zeeAwLh9Z_10013": 6.187518835067749,
  "wcojb4TFT35_10001": 4.731038361787796,
  "wcojb4TFT35_10002": 5.337503910064697,
  "wcojb4TFT35_10003": 11.8870450258255,
  "wcojb4TFT35_10004": 4.3532328605651855,
  "wcojb4TFT35_10005": 6.8934396877884865,
  "wcojb4TFT35_10006": 17.924133881926537,
  "wcojb4TFT35_10007": 5.059002012014389,
  "wcojb4TFT35_10008": 13.36123514175415,
  "wcojb4TFT35_10009": 8.783960528671741,
  "wcojb4TFT35_10011": 4.687481045722961,
  "wcojb4TFT35_10012": 19.892098426818848,
  "wcojb4TFT35_10013": 6.992439575493336,
  "qyAac8rV8Zk_10000": 4.994757413864136,
  "qyAac8rV8Zk_10001": 4.2773473262786865,
  "qyAac8rV8Zk_10002": 4.428073301911354,
  "qyAac8rV8Zk_10003": 4.1667304039001465,
  "qyAac8rV8Zk_10004": 2.989579703658819,
  "qyAac8rV8Zk_10006": 4.644370645284653,
  "qyAac8rV8Zk_10007": 4.64121413230896,
  "qyAac8rV8Zk_10008": 3.2619063556194305,
  "qyAac8rV8Zk_10009": 7.167177438735962,
  "qyAac8rV8Zk_10010": 3.7743430137634277,
  "qyAac8rV8Zk_10011": 7.317201375961304,
  "qyAac8rV8Zk_10012": 3.2619063556194305,
  "q5QZSEeHe5g_10000": 18.668586179614067,
  "q5QZSEeHe5g_10001": 9.7395761013031,
  "q5QZSEeHe5g_10002": 19.001996994018555,
  "q5QZSEeHe5g_10003": 9.808439493179321,
  "q5QZSEeHe5g_10004": 10.068344116210938,
  "q5QZSEeHe5g_10005": 8.475138410925865,
  "q5QZSEeHe5g_10006": 19.270935893058777,
  "q5QZSEeHe5g_10007": 9.775121673941612,
  "q5QZSEeHe5g_10008": 6.984683476388454,
  "q5QZSEeHe5g_10010": 19.52480721473694,
  "q5QZSEeHe5g_10011": 7.940971478819847,
  "q5QZSEeHe5g_10012": 14.963920079171658,
  "q5QZSEeHe5g_10013": 9.78622005879879,
  "5cdEh9F2hJL_10000": 21.835650265216827,
  "5cdEh9F2hJL_10001": 16.873762726783752,
  "5cdEh9F2hJL_10002": 0.7074359357357025,
  "5cdEh9F2hJL_10003": 0.07419627532362938,
  "5cdEh9F2hJL_10004": 16.15511131286621,
  "5cdEh9F2hJL_10005": 22.624742157757282,
  "5cdEh9F2hJL_10006": 12.755058407783508,
  "5cdEh9F2hJL_10007": 14.691654205322266,
  "5cdEh9F2hJL_10008": 9.354288339614868,
  "5cdEh9F2hJL_10009": 6.7679490596055984,
  "5cdEh9F2hJL_10010": 12.893506869673729,
  "5cdEh9F2hJL_10011": 10.745396137237549,
  "5cdEh9F2hJL_10013": 7.242475517094135,
  "Dd4bFSTQ8gi_10001": 4.31221479177475,
  "Dd4bFSTQ8gi_10002": 0.8621295094490051,
  "Dd4bFSTQ8gi_10004": 9.206360101699829,
  "Dd4bFSTQ8gi_10007": 13.964238226413727,
  "Dd4bFSTQ8gi_10008": 10.182048320770264,
  "Dd4bFSTQ8gi_10009": 9.86839210987091,
  "Dd4bFSTQ8gi_10010": 14.848688125610352,
  "Dd4bFSTQ8gi_10012": 2.970090687274933,
  "Dd4bFSTQ8gi_10013": 8.6549791097641,
  "4ok3usBNeis_10000": 7.648353397846222,
  "4ok3usBNeis_10002": 11.46593427658081,
  "4ok3usBNeis_10003": 9.036848545074463,
  "4ok3usBNeis_10004": 8.855765700340271,
  "4ok3usBNeis_10005": 14.094197034835815,
  "4ok3usBNeis_10006": 9.230924353003502,
  "4ok3usBNeis_10007": 10.829067945480347,
  "4ok3usBNeis_10008": 4.192504286766052,
  "4ok3usBNeis_10010": 11.515509828925133,
  "4ok3usBNeis_10011": 8.567286968231201,
  "4ok3usBNeis_10012": 9.705531597137451,
  "4ok3usBNeis_10013": 8.713237643241882,
  "y9hTuugGdiq_10001": 6.540776014328003,
  "y9hTuugGdiq_10003": 3.8105509281158447,
  "y9hTuugGdiq_10004": 14.674469709396362,
  "y9hTuugGdiq_10005": 14.331056594848633,
  "y9hTuugGdiq_10007": 10.94381496310234,
  "y9hTuugGdiq_10009": 11.855647563934326,
  "y9hTuugGdiq_10011": 6.786972999572754,
  "y9hTuugGdiq_10013": 13.252630472183228,
  "bxsVRursffK_10000": 7.414882928133011,
  "bxsVRursffK_10001": 2.357732057571411,
  "bxsVRursffK_10002": 1.6476693749427795,
  "bxsVRursffK_10003": 4.079368710517883,
  "bxsVRursffK_10004": 4.042190536856651,
  "bxsVRursffK_10006": 8.876961350440979,
  "bxsVRursffK_10007": 5.530749261379242,
  "bxsVRursffK_10008": 8.976381182670593,
  "bxsVRursffK_10009": 5.2712026834487915,
  "bxsVRursffK_10010": 9.250732183456421,
  "bxsVRursffK_10011": 5.047539949417114,
  "bxsVRursffK_10012": 10.854269325733185,
  "bxsVRursffK_10013": 5.2712026834487915,
  "ziup5kvtCCR_10000": 13.622601509094238,
  "ziup5kvtCCR_10001": 3.009068250656128,
  "ziup5kvtCCR_10002": 7.9038485288619995,
  "ziup5kvtCCR_10003": 9.299194633960724,
  "ziup5kvtCCR_10004": 11.78218698501587,
  "ziup5kvtCCR_10005": 13.524371810257435,
  "ziup5kvtCCR_10007": 6.43309872597456,
  "ziup5kvtCCR_10008": 3.5148655772209167,
  "ziup5kvtCCR_10009": 11.27944040298462,
  "ziup5kvtCCR_10012": 11.27944040298462,
  "ziup5kvtCCR_10013": 12.461269088089466,
  "p53SfW6mjZe_10000": 22.207284688949585,
  "p53SfW6mjZe_10001": 9.28666877746582,
  "p53SfW6mjZe_10003": 14.230571269989014,
  "p53SfW6mjZe_10004": 1.9895079433918,
  "p53SfW6mjZe_10005": 17.608647614717484,
  "p53SfW6mjZe_10006": 20.13665020465851,
  "p53SfW6mjZe_10007": 16.483714014291763,
  "p53SfW6mjZe_10008": 13.368029534816742,
  "p53SfW6mjZe_10009": 16.297884680330753,
  "p53SfW6mjZe_10010": 17.549867630004883,
  "p53SfW6mjZe_10011": 17.26300397515297,
  "p53SfW6mjZe_10012": 14.179994106292725,
  "p53SfW6mjZe_10013": 9.528034806251526,
  "bCPU9suPUw9_10000": 4.328917175531387,
  "bCPU9suPUw9_10001": 4.353284239768982,
  "bCPU9suPUw9_10002": 4.33738848567009,
  "bCPU9suPUw9_10003": 1.8537202179431915,
  "bCPU9suPUw9_10006": 2.964978337287903,
  "bCPU9suPUw9_10009": 5.330824166536331,
  "bCPU9suPUw9_10011": 5.231060683727264,
  "bCPU9suPUw9_10012": 4.715801239013672,
  "bCPU9suPUw9_10013": 7.774739742279053,
  "bCPU9suPUw9_10014": 4.750189274549484,
  "XB4GS9ShBRE_10000": 5.325165141373873,
  "XB4GS9ShBRE_10001": 5.12134975194931,
  "XB4GS9ShBRE_10002": 5.901150465011597,
  "XB4GS9ShBRE_10003": 3.686004549264908,
  "XB4GS9ShBRE_10004": 4.419287443161011,
  "XB4GS9ShBRE_10005": 4.759820461273193,
  "XB4GS9ShBRE_10006": 5.909198392182589,
  "XB4GS9ShBRE_10008": 4.107128322124481,
  "XB4GS9ShBRE_10009": 4.746802568435669,
  "XB4GS9ShBRE_10010": 7.598908860236406,
  "XB4GS9ShBRE_10011": 3.686004549264908,
  "XB4GS9ShBRE_10012": 5.949527412652969,
  "XB4GS9ShBRE_10013": 4.746802568435669,
  "k1cupFYWXJ6_10000": 13.353666197508574,