{
  "VBzV5z6i1WS_10001": 0.05687721259891987,
  "VBzV5z6i1WS_10003": 0.18728336691856384,
  "VBzV5z6i1WS_10004": 0.356972998008132,
  "VBzV5z6i1WS_10005": 6.255262773483992,
  "VBzV5z6i1WS_10006": 3.70747222751379,
  "VBzV5z6i1WS_10008": 0.37238483503460884,
  "VBzV5z6i1WS_10009": 3.722603838890791,
  "VBzV5z6i1WS_10012": 1.6297424910590053,
  "VBzV5z6i1WS_10013": 2.7051633037626743,
  "HY1NcmCgn3n_10000": 10.136972844600677,
  "HY1NcmCgn3n_10001": 4.783826470375061,
  "HY1NcmCgn3n_10002": 14.693377137184143,
  "HY1NcmCgn3n_10003": 11.6998952627182,
  "HY1NcmCgn3n_10005": 5.746754616498947,
  "HY1NcmCgn3n_10006": 2.5928107127547264,
  "HY1NcmCgn3n_10007": 9.421632319688797,
  "HY1NcmCgn3n_10008": 7.498081728816032,
  "HY1NcmCgn3n_10009": 4.777698040008545,
  "HY1NcmCgn3n_10010": 12.886182308197021,
  "HY1NcmCgn3n_10011": 13.489122241735458,
  "HY1NcmCgn3n_10013": 4.235738061368465,
  "a8BtkwhxdRV_10001": 0.07392860762774944,
  "a8BtkwhxdRV_10002": 1.0919874049723148,
  "a8BtkwhxdRV_10003": 1.4624125454574823,
  "a8BtkwhxdRV_10004": 2.580584917217493,
  "a8BtkwhxdRV_10005": 1.4673778433352709,
  "a8BtkwhxdRV_10006": 5.715559720993042,
  "a8BtkwhxdRV_10007": 1.1116837374866009,
  "a8BtkwhxdRV_10009": 1.434872567653656,
  "a8BtkwhxdRV_10010": 6.941130608320236,
  "a8BtkwhxdRV_10012": 1.5330674052238464,
  "h1zeeAwLh9Z_10000": 0.5559011343866587,
  "h1zeeAwLh9Z_10001": 7.362887978553772,
  "h1zeeAwLh9Z_10002": 0.05038795433938503,
  "h1zeeAwLh9Z_10004": 2.6937364377081394,
  "h1zeeAwLh9Z_10005": 9.673657566308975,
  "h1zeeAwLh9Z_10006": 0.1763606108725071,
  "h1zeeAwLh9Z_10007": 4.80097433924675,
  "h1zeeAwLh9Z_10008": 2.6873183883726597,
  "h1zeeAwLh9Z_10009": 3.2688606157898903,
  "h1zeeAwLh9Z_10010": 6.40192174911499,
  "h1zeeAwLh9Z_10011": 1.5678818374872208,
  "h1zeeAwLh9Z_10012": 7.840829007327557,
  "h1zeeAwLh9Z_10013": 5.807572327554226,
  "wcojb4TFT35_10001": 0.6158461328595877,
  "wcojb4TFT35_10002": 0.39024901390075684,
  "wcojb4TFT35_10003": 0.33209193497896194,
  "wcojb4TFT35_10004": 0.06072133593261242,
  "wcojb4TFT35_10005": 2.28698867931962,
  "wcojb4TFT35_10006": 6.7597337663173676,
  "wcojb4TFT35_10007": 0.6160129960626364,
  "wcojb4TFT35_10008": 7.898078918457031,
  "wcojb4TFT35_10009": 1.6148336566984653,
  "wcojb4TFT35_10011": 2.516861954703927,
  "wcojb4TFT35_10012": 8.104554384946823,
  "wcojb4TFT35_10013": 4.154969874769449,
  "qyAac8rV8Zk_10000": 0.04837448708713055,
  "qyAac8rV8Zk_10001": 1.4497891068458557,
  "qyAac8rV8Zk_10002": 0.04465332813560963,
  "qyAac8rV8Zk_10003": 3.6894729137420654,
  "qyAac8rV8Zk_10004": 2.067757247015834,
  "qyAac8rV8Zk_10006": 0.06805507466197014,
  "qyAac8rV8Zk_10007": 1.0222380217164755,
  "qyAac8rV8Zk_10008": 0.10160624049603939,
  "qyAac8rV8Zk_10009": 2.084232432767749,
  "qyAac8rV8Zk_10010": 1.5054997131228447,
  "qyAac8rV8Zk_10011": 3.9120996994897723,
  "qyAac8rV8Zk_10012": 0.07304834946990013,
  "q5QZSEeHe5g_10000": 6.642846427857876,
  "q5QZSEeHe5g_10001": 5.337007164955139,
  "q5QZSEeHe5g_10002": 8.983325481414795,
  "q5QZSEeHe5g_10003": 5.337007164955139,
  "q5QZSEeHe5g_10004": 0.6270456947386265,
  "q5QZSEeHe5g_10005": 7.254467453807592,
  "q5QZSEeHe5g_10006": 11.208057254552841,
  "q5QZSEeHe5g_10007": 8.272638764232397,
  "q5QZSEeHe5g_10008": 3.6580607518553734,
  "q5QZSEeHe5g_10010": 12.605660200119019,
  "q5QZSEeHe5g_10011": 7.1192336939275265,
  "q5QZSEeHe5g_10012": 10.217071734368801,
  "q5QZSEeHe5g_10013": 5.8496613167226315,
  "5cdEh9F2hJL_10000": 10.412292905151844,
  "5cdEh9F2hJL_10001": 7.287304148077965,
  "5cdEh9F2hJL_10002": 0.7074359357357025,
  "5cdEh9F2hJL_10003": 0.07419627532362938,
  "5cdEh9F2hJL_10004": 10.719947699457407,
  "5cdEh9F2hJL_10005": 8.80617230385542,
  "5cdEh9F2hJL_10006": 12.755058407783508,
  "5cdEh9F2hJL_10007": 4.254261448979378,
  "5cdEh9F2hJL_10008": 5.107841491699219,
  "5cdEh9F2hJL_10009": 5.975540736690164,
  "5cdEh9F2hJL_10010": 6.585428046062589,
  "5cdEh9F2hJL_10011": 1.9830317664891481,
  "5cdEh9F2hJL_10013": 3.7008174397051334,
  "Dd4bFSTQ8gi_10001": 2.904901757836342,
  "Dd4bFSTQ8gi_10002": 0.019036862067878246,
  "Dd4bFSTQ8gi_10004": 0.48573680222034454,
  "Dd4bFSTQ8gi_10007": 2.0021315701305866,
  "Dd4bFSTQ8gi_10008": 7.704890251159668,
  "Dd4bFSTQ8gi_10009": 5.92090131342411,
  "Dd4bFSTQ8gi_10010": 5.49101132620126,
  "Dd4bFSTQ8gi_10012": 0.9035538285970688,
  "Dd4bFSTQ8gi_10013": 6.590839624404907,
  "4ok3usBNeis_10000": 0.11147466488182545,
  "4ok3usBNeis_10002": 0.8186647593975067,
  "4ok3usBNeis_10003": 1.4824570715427399,
  "4ok3usBNeis_10004": 0.08261757344007492,
  "4ok3usBNeis_10005": 6.8246987499296665,
  "4ok3usBNeis_10006": 5.460758253931999,
  "4ok3usBNeis_10007": 8.245789557695389,
  "4ok3usBNeis_10008": 0.10003583133220673,
  "4ok3usBNeis_10010": 1.7571317460387945,
  "4ok3usBNeis_10011": 3.3097756691277027,
  "4ok3usBNeis_10012": 0.07282433100044727,
  "4ok3usBNeis_10013": 3.542531307786703,
  "y9hTuugGdiq_10001": 2.386136583983898,
  "y9hTuugGdiq_10003": 3.8105509281158447,
  "y9hTuugGdiq_10004": 10.462876111268997,
  "y9hTuugGdiq_10005": 6.482671916484833,
  "y9hTuugGdiq_10007": 2.3528330102562904,
  "y9hTuugGdiq_10009": 4.724463101476431,
  "y9hTuugGdiq_10011": 2.487990364432335,
  "y9hTuugGdiq_10013": 4.1937941908836365,
  "bxsVRursffK_10000": 6.873823910951614,
  "bxsVRursffK_10001": 0.04981376975774765,
  "bxsVRursffK_10002": 1.6476693749427795,
  "bxsVRursffK_10003": 0.05274112522602081,
  "bxsVRursffK_10004": 3.136548265814781,
  "bxsVRursffK_10006": 2.309201043099165,
  "bxsVRursffK_10007": 0.9224808923900127,
  "bxsVRursffK_10008": 4.494987726211548,
  "bxsVRursffK_10009": 3.7342439461499453,
  "bxsVRursffK_10010": 1.7014550287276506,
  "bxsVRursffK_10011": 0.9170752987265587,
  "bxsVRursffK_10012": 2.309175308793783,
  "bxsVRursffK_10013": 3.7627988308668137,
  "ziup5kvtCCR_10000": 5.246105790138245,
  "ziup5kvtCCR_10001": 2.245142161846161,
  "ziup5kvtCCR_10002": 0.13937412574887276,
  "ziup5kvtCCR_10003": 4.150509066879749,
  "ziup5kvtCCR_10004": 3.061618983745575,
  "ziup5kvtCCR_10005": 4.279159851372242,
  "ziup5kvtCCR_10007": 2.536511242389679,
  "ziup5kvtCCR_10008": 1.2127460967749357,
  "ziup5kvtCCR_10009": 1.0583881624042988,
  "ziup5kvtCCR_10012": 2.9351857975125313,
  "ziup5kvtCCR_10013": 2.149615168571472,
  "p53SfW6mjZe_10000": 16.863330602645874,
  "p53SfW6mjZe_10001": 6.2645134925842285,
  "p53SfW6mjZe_10003": 6.042814388871193,
  "p53SfW6mjZe_10004": 1.9895079433918,
  "p53SfW6mjZe_10005": 15.195648115128279,
  "p53SfW6mjZe_10006": 7.6873479783535,
  "p53SfW6mjZe_10007": 9.528034806251526,
  "p53SfW6mjZe_10008": 7.723621070384979,
  "p53SfW6mjZe_10009": 2.834490906447172,
  "p53SfW6mjZe_10010": 11.163103818893433,
  "p53SfW6mjZe_10011": 14.660635452717543,
  "p53SfW6mjZe_10012": 9.371919751167297,
  "p53SfW6mjZe_10013": 9.323461942374706,
  "bCPU9suPUw9_10000": 1.474473562091589,
  "bCPU9suPUw9_10001": 0.3758079893887043,
  "bCPU9suPUw9_10002": 3.346773937344551,
  "bCPU9suPUw9_10003": 0.0821874737739563,
  "bCPU9suPUw9_10006": 0.08115144446492195,
  "bCPU9suPUw9_10009": 0.6595138385891914,
  "bCPU9suPUw9_10011": 5.231060683727264,
  "bCPU9suPUw9_10012": 0.08759527653455734,
  "bCPU9suPUw9_10013": 2.07289020717144,
  "bCPU9suPUw9_10014": 0.15683342330157757,
  "XB4GS9ShBRE_10000": 3.4499319680035114,
  "XB4GS9ShBRE_10001": 0.07658588513731956,
  "XB4GS9ShBRE_10002": 2.07205867767334,
  "XB4GS9ShBRE_10003": 0.37929466366767883,
  "XB4GS9ShBRE_10004": 2.7485731579363346,
  "XB4GS9ShBRE_10005": 0.07658588513731956,
  "XB4GS9ShBRE_10006": 5.023496974259615,
  "XB4GS9ShBRE_10008": 0.04341307422146201,
  "XB4GS9ShBRE_10009": 0.07658588513731956,
  "XB4GS9ShBRE_10010": 4.862499319016933,
  "XB4GS9ShBRE_10011": 0.08340751007199287,
  "XB4GS9ShBRE_10012": 3.59161314740777,
  "XB4GS9ShBRE_10013": 0.07658588513731956,