{
  "VBzV5z6i1WS_10001": 0.05687721259891987,
  "VBzV5z6i1WS_10003": 0.18728336691856384,
  "VBzV5z6i1WS_10004": 10.938753128051758,
  "VBzV5z6i1WS_10005": 6.255262773483992,
  "VBzV5z6i1WS_10006": 3.70747222751379,
  "VBzV5z6i1WS_10008": 2.6598621606826782,
  "VBzV5z6i1WS_10009": 4.24543534219265,
  "VBzV5z6i1WS_10012": 3.862209662795067,
  "VBzV5z6i1WS_10013": 2.709130972623825,
  "HY1NcmCgn3n_10000": 10.870276272296906,
  "HY1NcmCgn3n_10001": 14.313368439674377,
  "HY1NcmCgn3n_10002": 14.693377137184143,
  "HY1NcmCgn3n_10003": 13.312709867954254,
  "HY1NcmCgn3n_10005": 12.900022029876709,
  "HY1NcmCgn3n_10006": 7.498081728816032,
  "HY1NcmCgn3n_10007": 11.04444345831871,
  "HY1NcmCgn3n_10008": 16.567564487457275,
  "HY1NcmCgn3n_10009": 18.171272575855255,
  "HY1NcmCgn3n_10010": 19.287357330322266,
  "HY1NcmCgn3n_10011": 13.715407967567444,
  "HY1NcmCgn3n_10013": 4.777698040008545,
  "a8BtkwhxdRV_10001": 0.07392860762774944,
  "a8BtkwhxdRV_10002": 1.0919874049723148,
  "a8BtkwhxdRV_10003": 3.1679521296173334,
  "a8BtkwhxdRV_10004": 5.615992307662964,
  "a8BtkwhxdRV_10005": 4.440439468249679,
  "a8BtkwhxdRV_10006": 5.715559720993042,
  "a8BtkwhxdRV_10007": 3.142661679536104,
  "a8BtkwhxdRV_10009": 1.434872567653656,
  "a8BtkwhxdRV_10010": 8.7041966766119,
  "a8BtkwhxdRV_10012": 5.23653769493103,
  "h1zeeAwLh9Z_10000": 6.936344593763351,
  "h1zeeAwLh9Z_10001": 7.489043861627579,
  "h1zeeAwLh9Z_10002": 0.7330902852118015,
  "h1zeeAwLh9Z_10004": 7.5408271588385105,
  "h1zeeAwLh9Z_10005": 9.673657566308975,
  "h1zeeAwLh9Z_10006": 3.0582491755485535,
  "h1zeeAwLh9Z_10007": 10.705008774995804,
  "h1zeeAwLh9Z_10008": 3.556873146444559,
  "h1zeeAwLh9Z_10009": 7.504991233348846,
  "h1zeeAwLh9Z_10010": 7.380335330963135,
  "h1zeeAwLh9Z_10011": 1.5678818374872208,
  "h1zeeAwLh9Z_10012": 13.266732454299927,
  "h1zeeAwLh9Z_10013": 5.807572327554226,
  "wcojb4TFT35_10001": 2.9162012338638306,
  "wcojb4TFT35_10002": 3.6605540215969086,
  "wcojb4TFT35_10003": 3.494366466999054,
  "wcojb4TFT35_10004": 0.06072133593261242,
  "wcojb4TFT35_10005": 6.791406521573663,
  "wcojb4TFT35_10006": 11.277042284607887,
  "wcojb4TFT35_10007": 0.6160129960626364,
  "wcojb4TFT35_10008": 9.280176162719727,
  "wcojb4TFT35_10009": 4.547466225922108,
  "wcojb4TFT35_10011": 4.225283145904541,
  "wcojb4TFT35_10012": 10.892985075712204,
  "wcojb4TFT35_10013": 6.605859935283661,
  "qyAac8rV8Zk_10000": 4.165058037266135,
  "qyAac8rV8Zk_10001": 1.927973747253418,
  "qyAac8rV8Zk_10002": 0.07304834946990013,
  "qyAac8rV8Zk_10003": 3.903243064880371,
  "qyAac8rV8Zk_10004": 2.0865446850657463,
  "qyAac8rV8Zk_10006": 3.875630885362625,
  "qyAac8rV8Zk_10007": 2.276345867663622,
  "qyAac8rV8Zk_10008": 2.014943014830351,
  "qyAac8rV8Zk_10009": 2.084232432767749,
  "qyAac8rV8Zk_10010": 1.5054997131228447,
  "qyAac8rV8Zk_10011": 3.9461850114166737,
  "qyAac8rV8Zk_10012": 2.989579703658819,
  "q5QZSEeHe5g_10000": 14.799499351531267,
  "q5QZSEeHe5g_10001": 8.93138599395752,
  "q5QZSEeHe5g_10002": 11.907442569732666,
  "q5QZSEeHe5g_10003": 6.861196994781494,
  "q5QZSEeHe5g_10004": 8.553613666445017,
  "q5QZSEeHe5g_10005": 7.254467453807592,
  "q5QZSEeHe5g_10006": 11.233584821224213,
  "q5QZSEeHe5g_10007": 8.351647838950157,
  "q5QZSEeHe5g_10008": 5.829431973397732,
  "q5QZSEeHe5g_10010": 19.322683572769165,
  "q5QZSEeHe5g_10011": 7.940971478819847,
  "q5QZSEeHe5g_10012": 11.960792899131775,
  "q5QZSEeHe5g_10013": 8.351647838950157,
  "5cdEh9F2hJL_10000": 21.835650265216827,
  "5cdEh9F2hJL_10001": 7.287304148077965,
  "5cdEh9F2hJL_10002": 0.7074359357357025,
  "5cdEh9F2hJL_10003": 0.07419627532362938,
  "5cdEh9F2hJL_10004": 16.15511131286621,
  "5cdEh9F2hJL_10005": 13.713637754321098,
  "5cdEh9F2hJL_10006": 12.755058407783508,
  "5cdEh9F2hJL_10007": 9.516513109207153,
  "5cdEh9F2hJL_10008": 5.107841491699219,
  "5cdEh9F2hJL_10009": 5.996962483972311,
  "5cdEh9F2hJL_10010": 11.442168809473515,
  "5cdEh9F2hJL_10011": 4.438850501552224,
  "5cdEh9F2hJL_10013": 6.734384156763554,
  "Dd4bFSTQ8gi_10001": 4.31221479177475,
  "Dd4bFSTQ8gi_10002": 0.019036862067878246,
  "Dd4bFSTQ8gi_10004": 1.472958356142044,
  "Dd4bFSTQ8gi_10007": 7.61627459526062,
  "Dd4bFSTQ8gi_10008": 9.789031982421875,
  "Dd4bFSTQ8gi_10009": 9.86839210987091,
  "Dd4bFSTQ8gi_10010": 10.706989282742143,
  "Dd4bFSTQ8gi_10012": 2.970090687274933,
  "Dd4bFSTQ8gi_10013": 7.604979038238525,
  "4ok3usBNeis_10000": 0.11147466488182545,
  "4ok3usBNeis_10002": 9.681888580322266,
  "4ok3usBNeis_10003": 5.485206872224808,
  "4ok3usBNeis_10004": 7.086137175559998,
  "4ok3usBNeis_10005": 10.596831560134888,
  "4ok3usBNeis_10006": 6.419453904032707,
  "4ok3usBNeis_10007": 8.337465316057205,
  "4ok3usBNeis_10008": 4.192504286766052,
  "4ok3usBNeis_10010": 5.568360209465027,
  "4ok3usBNeis_10011": 5.4828247874975204,
  "4ok3usBNeis_10012": 4.281412184238434,
  "4ok3usBNeis_10013": 7.022415459156036,
  "y9hTuugGdiq_10001": 6.540776014328003,
  "y9hTuugGdiq_10003": 3.8105509281158447,
  "y9hTuugGdiq_10004": 11.385371685028076,
  "y9hTuugGdiq_10005": 6.482671916484833,
  "y9hTuugGdiq_10007": 6.794442988932133,
  "y9hTuugGdiq_10009": 5.248598098754883,
  "y9hTuugGdiq_10011": 2.487990364432335,
  "y9hTuugGdiq_10013": 7.6753623485565186,
  "bxsVRursffK_10000": 7.414882928133011,
  "bxsVRursffK_10001": 2.357732057571411,
  "bxsVRursffK_10002": 1.6476693749427795,
  "bxsVRursffK_10003": 4.079368710517883,
  "bxsVRursffK_10004": 4.042190536856651,
  "bxsVRursffK_10006": 6.500552739948034,
  "bxsVRursffK_10007": 5.047539949417114,
  "bxsVRursffK_10008": 4.494987726211548,
  "bxsVRursffK_10009": 3.736722184345126,
  "bxsVRursffK_10010": 7.5553028881549835,
  "bxsVRursffK_10011": 3.731316590681672,
  "bxsVRursffK_10012": 9.189752668142319,
  "bxsVRursffK_10013": 3.7627988308668137,
  "ziup5kvtCCR_10000": 5.246105790138245,
  "ziup5kvtCCR_10001": 2.2675517201423645,
  "ziup5kvtCCR_10002": 7.9038485288619995,
  "ziup5kvtCCR_10003": 7.903868019580841,
  "ziup5kvtCCR_10004": 5.79189920425415,
  "ziup5kvtCCR_10005": 9.845665641129017,
  "ziup5kvtCCR_10007": 6.43309872597456,
  "ziup5kvtCCR_10008": 2.515969216823578,
  "ziup5kvtCCR_10009": 1.3013291954994202,
  "ziup5kvtCCR_10012": 8.058296605944633,
  "ziup5kvtCCR_10013": 6.736390061676502,
  "p53SfW6mjZe_10000": 18.18934416770935,
  "p53SfW6mjZe_10001": 9.28666877746582,
  "p53SfW6mjZe_10003": 10.910772800445557,
  "p53SfW6mjZe_10004": 1.9895079433918,
  "p53SfW6mjZe_10005": 15.5269147567451,
  "p53SfW6mjZe_10006": 13.26829218864441,
  "p53SfW6mjZe_10007": 16.483714014291763,
  "p53SfW6mjZe_10008": 13.368029534816742,
  "p53SfW6mjZe_10009": 4.063703991472721,
  "p53SfW6mjZe_10010": 16.13485050201416,
  "p53SfW6mjZe_10011": 14.660635452717543,
  "p53SfW6mjZe_10012": 10.063961625099182,
  "p53SfW6mjZe_10013": 9.528034806251526,
  "bCPU9suPUw9_10000": 2.044336400926113,
  "bCPU9suPUw9_10001": 4.138202786445618,
  "bCPU9suPUw9_10002": 4.33738848567009,
  "bCPU9suPUw9_10003": 1.7323636673390865,
  "bCPU9suPUw9_10006": 2.964978337287903,
  "bCPU9suPUw9_10009": 1.4859411790966988,
  "bCPU9suPUw9_10011": 5.231060683727264,
  "bCPU9suPUw9_10012": 0.6804048642516136,
  "bCPU9suPUw9_10013": 2.3676885664463043,
  "bCPU9suPUw9_10014": 0.21617362275719643,
  "XB4GS9ShBRE_10000": 4.80189024284482,
  "XB4GS9ShBRE_10001": 4.759820461273193,
  "XB4GS9ShBRE_10002": 4.6030436754226685,
  "XB4GS9ShBRE_10003": 0.38611628860235214,
  "XB4GS9ShBRE_10004": 3.8392151333391666,
  "XB4GS9ShBRE_10005": 4.682412412017584,
  "XB4GS9ShBRE_10006": 5.023496974259615,
  "XB4GS9ShBRE_10008": 4.107128322124481,
  "XB4GS9ShBRE_10009": 0.08340751007199287,
  "XB4GS9ShBRE_10010": 7.598908860236406,
  "XB4GS9ShBRE_10011": 0.08340751007199287,
  "XB4GS9ShBRE_10012": 5.00965890660882,
  "XB4GS9ShBRE_10013": 0.08340751007199287,
  "k1cupFYWXJ6_10000": 12.921750783920288,