{
  "VBzV5z6i1WS_10001": 0.05687721259891987,
  "VBzV5z6i1WS_10003": 0.18728336691856384,
  "VBzV5z6i1WS_10004": 2.466832309961319,
  "VBzV5z6i1WS_10005": 6.255262773483992,
  "VBzV5z6i1WS_10006": 3.70747222751379,
  "VBzV5z6i1WS_10008": 0.37238483503460884,
  "VBzV5z6i1WS_10009": 3.7466272711753845,
  "VBzV5z6i1WS_10012": 3.7147248750552535,
  "VBzV5z6i1WS_10013": 2.709130972623825,
  "HY1NcmCgn3n_10000": 10.870276272296906,
  "HY1NcmCgn3n_10001": 14.08297860622406,
  "HY1NcmCgn3n_10002": 14.693377137184143,
  "HY1NcmCgn3n_10003": 13.312709867954254,
  "HY1NcmCgn3n_10005": 5.746754616498947,
  "HY1NcmCgn3n_10006": 7.498081728816032,
  "HY1NcmCgn3n_10007": 11.04444345831871,
  "HY1NcmCgn3n_10008": 13.001320838928223,
  "HY1NcmCgn3n_10009": 4.777698040008545,
  "HY1NcmCgn3n_10010": 16.567564487457275,
  "HY1NcmCgn3n_10011": 13.489122241735458,
  "HY1NcmCgn3n_10013": 4.777698040008545,
  "a8BtkwhxdRV_10001": 0.07392860762774944,
  "a8BtkwhxdRV_10002": 1.0919874049723148,
  "a8BtkwhxdRV_10003": 1.4624125454574823,
  "a8BtkwhxdRV_10004": 5.615992307662964,
  "a8BtkwhxdRV_10005": 2.5358700174838305,
  "a8BtkwhxdRV_10006": 5.715559720993042,
  "a8BtkwhxdRV_10007": 1.370726227760315,
  "a8BtkwhxdRV_10009": 1.434872567653656,
  "a8BtkwhxdRV_10010": 8.283813613466918,
  "a8BtkwhxdRV_10012": 4.730931520462036,
  "h1zeeAwLh9Z_10000": 6.936344593763351,
  "h1zeeAwLh9Z_10001": 7.362887978553772,
  "h1zeeAwLh9Z_10002": 0.7330902852118015,
  "h1zeeAwLh9Z_10004": 4.559926871210337,
  "h1zeeAwLh9Z_10005": 9.673657566308975,
  "h1zeeAwLh9Z_10006": 0.1763606108725071,
  "h1zeeAwLh9Z_10007": 4.80097433924675,
  "h1zeeAwLh9Z_10008": 3.556873146444559,
  "h1zeeAwLh9Z_10009": 7.504991233348846,
  "h1zeeAwLh9Z_10010": 6.40192174911499,
  "h1zeeAwLh9Z_10011": 1.5678818374872208,
  "h1zeeAwLh9Z_10012": 7.840829007327557,
  "h1zeeAwLh9Z_10013": 5.807572327554226,
  "wcojb4TFT35_10001": 2.9162012338638306,
  "wcojb4TFT35_10002": 3.6605540215969086,
  "wcojb4TFT35_10003": 3.2506256699562073,
  "wcojb4TFT35_10004": 0.06072133593261242,
  "wcojb4TFT35_10005": 2.289025792852044,
  "wcojb4TFT35_10006": 6.7597337663173676,
  "wcojb4TFT35_10007": 0.6160129960626364,
  "wcojb4TFT35_10008": 7.898078918457031,
  "wcojb4TFT35_10009": 4.056059539318085,
  "wcojb4TFT35_10011": 3.2855064272880554,
  "wcojb4TFT35_10012": 8.104554384946823,
  "wcojb4TFT35_10013": 5.995409339666367,
  "qyAac8rV8Zk_10000": 1.9942680802196264,
  "qyAac8rV8Zk_10001": 1.927973747253418,
  "qyAac8rV8Zk_10002": 0.04465332813560963,
  "qyAac8rV8Zk_10003": 3.6894729137420654,
  "qyAac8rV8Zk_10004": 2.0828235261142254,
  "qyAac8rV8Zk_10006": 0.06805507466197014,
  "qyAac8rV8Zk_10007": 1.0351530574262142,
  "qyAac8rV8Zk_10008": 0.11667251959443092,
  "qyAac8rV8Zk_10009": 2.084232432767749,
  "qyAac8rV8Zk_10010": 1.5054997131228447,
  "qyAac8rV8Zk_10011": 3.9120996994897723,
  "qyAac8rV8Zk_10012": 0.11667251959443092,
  "q5QZSEeHe5g_10000": 8.866707645356655,
  "q5QZSEeHe5g_10001": 7.747076153755188,
  "q5QZSEeHe5g_10002": 8.983325481414795,
  "q5QZSEeHe5g_10003": 5.337007164955139,
  "q5QZSEeHe5g_10004": 0.6270456947386265,
  "q5QZSEeHe5g_10005": 7.254467453807592,
  "q5QZSEeHe5g_10006": 11.208057254552841,
  "q5QZSEeHe5g_10007": 8.272638764232397,
  "q5QZSEeHe5g_10008": 5.829431973397732,
  "q5QZSEeHe5g_10010": 14.385887861251831,
  "q5QZSEeHe5g_10011": 7.940971478819847,
  "q5QZSEeHe5g_10012": 10.217071734368801,
  "q5QZSEeHe5g_10013": 8.351647838950157,
  "5cdEh9F2hJL_10000": 13.904854245483875,
  "5cdEh9F2hJL_10001": 7.287304148077965,
  "5cdEh9F2hJL_10002": 0.7074359357357025,
  "5cdEh9F2hJL_10003": 0.07419627532362938,
  "5cdEh9F2hJL_10004": 11.001770857721567,
  "5cdEh9F2hJL_10005": 11.4843096062541,
  "5cdEh9F2hJL_10006": 12.755058407783508,
  "5cdEh9F2hJL_10007": 4.254261448979378,
  "5cdEh9F2hJL_10008": 5.107841491699219,
  "5cdEh9F2hJL_10009": 5.975540736690164,
  "5cdEh9F2hJL_10010": 9.600149439647794,
  "5cdEh9F2hJL_10011": 3.521273398771882,
  "5cdEh9F2hJL_10013": 6.734384156763554,
  "Dd4bFSTQ8gi_10001": 3.581047296524048,
  "Dd4bFSTQ8gi_10002": 0.019036862067878246,
  "Dd4bFSTQ8gi_10004": 0.48573680222034454,
  "Dd4bFSTQ8gi_10007": 5.991880655288696,
  "Dd4bFSTQ8gi_10008": 8.307605266571045,
  "Dd4bFSTQ8gi_10009": 5.92090131342411,
  "Dd4bFSTQ8gi_10010": 5.492297330871224,
  "Dd4bFSTQ8gi_10012": 1.8907753825187683,
  "Dd4bFSTQ8gi_10013": 7.604979038238525,
  "4ok3usBNeis_10000": 0.11147466488182545,
  "4ok3usBNeis_10002": 9.681888580322266,
  "4ok3usBNeis_10003": 2.0015267431735992,
  "4ok3usBNeis_10004": 0.8895359374582767,
  "4ok3usBNeis_10005": 8.502753738313913,
  "4ok3usBNeis_10006": 6.419453904032707,
  "4ok3usBNeis_10007": 8.245789557695389,
  "4ok3usBNeis_10008": 0.1068241335451603,
  "4ok3usBNeis_10010": 2.410560131072998,
  "4ok3usBNeis_10011": 3.326695282012224,
  "4ok3usBNeis_10012": 2.5629891231656075,
  "4ok3usBNeis_10013": 3.563175957649946,
  "y9hTuugGdiq_10001": 6.540776014328003,
  "y9hTuugGdiq_10003": 3.8105509281158447,
  "y9hTuugGdiq_10004": 10.462876111268997,
  "y9hTuugGdiq_10005": 6.482671916484833,
  "y9hTuugGdiq_10007": 4.246325707063079,
  "y9hTuugGdiq_10009": 5.248598098754883,
  "y9hTuugGdiq_10011": 2.487990364432335,
  "y9hTuugGdiq_10013": 4.870085597038269,
  "bxsVRursffK_10000": 6.873823910951614,
  "bxsVRursffK_10001": 0.04981376975774765,
  "bxsVRursffK_10002": 1.6476693749427795,
  "bxsVRursffK_10003": 3.486740129068494,
  "bxsVRursffK_10004": 3.36069892346859,
  "bxsVRursffK_10006": 6.500552739948034,
  "bxsVRursffK_10007": 3.736722184345126,
  "bxsVRursffK_10008": 4.494987726211548,
  "bxsVRursffK_10009": 3.736722184345126,
  "bxsVRursffK_10010": 5.55810708925128,
  "bxsVRursffK_10011": 3.731316590681672,
  "bxsVRursffK_10012": 6.351814564317465,
  "bxsVRursffK_10013": 3.7627988308668137,
  "ziup5kvtCCR_10000": 5.246105790138245,
  "ziup5kvtCCR_10001": 2.2675517201423645,
  "ziup5kvtCCR_10002": 0.13937412574887276,
  "ziup5kvtCCR_10003": 4.150509066879749,
  "ziup5kvtCCR_10004": 5.245791912078857,
  "ziup5kvtCCR_10005": 6.827567309141159,
  "ziup5kvtCCR_10007": 5.948123760521412,
  "ziup5kvtCCR_10008": 1.5464972984045744,
  "ziup5kvtCCR_10009": 1.0583881624042988,
  "ziup5kvtCCR_10012": 4.691437244415283,
  "ziup5kvtCCR_10013": 2.149615168571472,
  "p53SfW6mjZe_10000": 17.394980669021606,
  "p53SfW6mjZe_10001": 6.2645134925842285,
  "p53SfW6mjZe_10003": 10.615572929382324,
  "p53SfW6mjZe_10004": 1.9895079433918,
  "p53SfW6mjZe_10005": 15.195648115128279,
  "p53SfW6mjZe_10006": 10.66487218439579,
  "p53SfW6mjZe_10007": 9.528034806251526,
  "p53SfW6mjZe_10008": 13.368029534816742,
  "p53SfW6mjZe_10009": 2.834490906447172,
  "p53SfW6mjZe_10010": 16.13485050201416,
  "p53SfW6mjZe_10011": 14.660635452717543,
  "p53SfW6mjZe_10012": 9.371919751167297,
  "p53SfW6mjZe_10013": 9.528034806251526,
  "bCPU9suPUw9_10000": 1.506832204759121,
  "bCPU9suPUw9_10001": 0.3758079893887043,
  "bCPU9suPUw9_10002": 4.33738848567009,
  "bCPU9suPUw9_10003": 0.0821874737739563,
  "bCPU9suPUw9_10006": 0.6416023895144463,
  "bCPU9suPUw9_10009": 0.6595138385891914,
  "bCPU9suPUw9_10011": 5.231060683727264,
  "bCPU9suPUw9_10012": 0.11995391920208931,
  "bCPU9suPUw9_10013": 2.07289020717144,
  "bCPU9suPUw9_10014": 0.1648566611111164,
  "XB4GS9ShBRE_10000": 4.80189024284482,
  "XB4GS9ShBRE_10001": 4.682412412017584,
  "XB4GS9ShBRE_10002": 4.6030436754226685,
  "XB4GS9ShBRE_10003": 0.37929466366767883,
  "XB4GS9ShBRE_10004": 2.7485731579363346,
  "XB4GS9ShBRE_10005": 0.07658588513731956,
  "XB4GS9ShBRE_10006": 5.023496974259615,
  "XB4GS9ShBRE_10008": 0.04341307422146201,
  "XB4GS9ShBRE_10009": 0.07658588513731956,
  "XB4GS9ShBRE_10010": 4.862499319016933,
  "XB4GS9ShBRE_10011": 0.08340751007199287,
  "XB4GS9ShBRE_10012": 3.59161314740777,
  "XB4GS9ShBRE_10013": 0.08340751007199287,